<?xml version='1.0'?>
<Table>
	<Catalog> 
		<Version>142</Version> 
		<AppliedMigrations>0 1 2 3 4 5 6 7 8 9 10 11 12 13 14 15 16 17 18 19 20 21 22 23 24 25 26 27 28 29 30 31 32 33 34 35 36 37 38 39 40 41 42 43 44 45 46 47 48 49 50 51 52 53 54 55 56 57 58 59 60 61 62 63 64 65 66 67 68 69 70 71 72 73 74 75 76 77 78 80 81 82 83 84 86 87 88 89 90 91 92 93 94 95 96 97 98 99 100 101 102 103 104 105 106 107 108 109 110 111 112 113 114 115 116 118 119 120 122 123 124 125 126 128 129 130 131 132 133 134 136 137 138 140 141 142 </AppliedMigrations>
	</Catalog>
	<Name>DIMPERIOD</Name> 
	<IT>PHYSICAL_INDEX</IT>  
	<TF>language_detection auto_replication auto_create_languages auto_merge public auto_optimize_compression </TF>  
	<TFlags>2686989</TFlags>  
	<Descr></Descr> 
	<IsTmpInd>0</IsTmpInd> 
	<MinTPD>-1</MinTPD> 
	<MaxTPD>-1</MaxTPD> 
	<Flags>0</Flags> 
	<MlangLInd></MlangLInd>
	<NeedExtKeyTF>0</NeedExtKeyTF> 
	<SType>1</SType> 
	<PartSpec></PartSpec> 
	<KeyAttrs>
		<Name>PERIODID</Name>
	</KeyAttrs>
	<DefPreAttrs>
 	</DefPreAttrs>
 	<FreeStyleAttrs>
	</FreeStyleAttrs>
	<RangeAttrs>
	</RangeAttrs>
	<AllAttrs>
		<Field>
			<Name>PERIODID</Name>
			<SQLType>42</SQLType>
			<ABAPType>32</ABAPType>
			<TrexType>73</TrexType>
			<MdrsType>0</MdrsType>
			<Constr>27</Constr>
			<Offset>4</Offset>
			<Length>4</Length>
			<Scale>0</Scale>
			<OrdPos>0</OrdPos>
			<IdxInGrp>0</IdxInGrp>
			<Collat></Collat>
			<HasDefVal>0</HasDefVal>
			<Descr>autogenerated sequential key</Descr>
			<FieldId>201</FieldId> 
			<AttrType>AttributeType[INTEGER]</AttrType> 
			<Group></Group>
			<IntDigs>0</IntDigs>
			<FractDigs>0 </FractDigs>
			<IFlags>17</IFlags>
			<IParams></IParams>
			<FuzzyMode>0</FuzzyMode>
			<MinVal></MinVal>
			<MaxVal></MaxVal> 
			<UTFlags>1</UTFlags>
			<UType>1</UType>
		</Field>
		<Field>
			<Name>DATE</Name>
			<SQLType>61</SQLType>
			<ABAPType>32</ABAPType>
			<TrexType>64</TrexType>
			<MdrsType>0</MdrsType>
			<Constr>0</Constr>
			<Offset>8</Offset>
			<Length>8</Length>
			<Scale>0</Scale>
			<OrdPos>1</OrdPos>
			<IdxInGrp>0</IdxInGrp>
			<Collat></Collat>
			<HasDefVal>0</HasDefVal>
			<Descr>dates range from Jan 1 2000 - Jan 2 2011</Descr>
			<FieldId>202</FieldId> 
			<AttrType>AttributeType[LONGDATE]</AttrType> 
			<Group></Group>
			<IntDigs>0</IntDigs>
			<FractDigs>0 </FractDigs>
			<IFlags>1</IFlags>
			<IParams></IParams>
			<FuzzyMode>0</FuzzyMode>
			<MinVal></MinVal>
			<MaxVal></MaxVal> 
			<UTFlags>1</UTFlags>
			<UType>1</UType>
		</Field>
		<Field>
			<Name>DAYNUMBER</Name>
			<SQLType>3</SQLType>
			<ABAPType>32</ABAPType>
			<TrexType>73</TrexType>
			<MdrsType>0</MdrsType>
			<Constr>0</Constr>
			<Offset>16</Offset>
			<Length>5</Length>
			<Scale>0</Scale>
			<OrdPos>2</OrdPos>
			<IdxInGrp>0</IdxInGrp>
			<Collat></Collat>
			<HasDefVal>0</HasDefVal>
			<Descr>day number 1 =  Monday</Descr>
			<FieldId>203</FieldId> 
			<AttrType>AttributeType[INTEGER]</AttrType> 
			<Group></Group>
			<IntDigs>0</IntDigs>
			<FractDigs>0 </FractDigs>
			<IFlags>1</IFlags>
			<IParams></IParams>
			<FuzzyMode>0</FuzzyMode>
			<MinVal></MinVal>
			<MaxVal></MaxVal> 
			<UTFlags>1</UTFlags>
			<UType>1</UType>
		</Field>
		<Field>
			<Name>DAYDESCRIPTION</Name>
			<SQLType>37</SQLType>
			<ABAPType>32</ABAPType>
			<TrexType>83</TrexType>
			<MdrsType>0</MdrsType>
			<Constr>0</Constr>
			<Offset>56</Offset>
			<Length>10</Length>
			<Scale>0</Scale>
			<OrdPos>3</OrdPos>
			<IdxInGrp>0</IdxInGrp>
			<Collat></Collat>
			<HasDefVal>0</HasDefVal>
			<Descr>full name of day</Descr>
			<FieldId>204</FieldId> 
			<AttrType>AttributeType[STRING]</AttrType> 
			<Group></Group>
			<IntDigs>0</IntDigs>
			<FractDigs>0 </FractDigs>
			<IFlags>1</IFlags>
			<IParams></IParams>
			<FuzzyMode>0</FuzzyMode>
			<MinVal></MinVal>
			<MaxVal></MaxVal> 
			<UTFlags>1</UTFlags>
			<UType>1</UType>
		</Field>
		<Field>
			<Name>WEEKNUMBER</Name>
			<SQLType>3</SQLType>
			<ABAPType>32</ABAPType>
			<TrexType>73</TrexType>
			<MdrsType>0</MdrsType>
			<Constr>0</Constr>
			<Offset>21</Offset>
			<Length>5</Length>
			<Scale>0</Scale>
			<OrdPos>4</OrdPos>
			<IdxInGrp>0</IdxInGrp>
			<Collat></Collat>
			<HasDefVal>0</HasDefVal>
			<Descr>complies with ISO 8601 standard</Descr>
			<FieldId>205</FieldId> 
			<AttrType>AttributeType[INTEGER]</AttrType> 
			<Group></Group>
			<IntDigs>0</IntDigs>
			<FractDigs>0 </FractDigs>
			<IFlags>1</IFlags>
			<IParams></IParams>
			<FuzzyMode>0</FuzzyMode>
			<MinVal></MinVal>
			<MaxVal></MaxVal> 
			<UTFlags>1</UTFlags>
			<UType>1</UType>
		</Field>
		<Field>
			<Name>WEEKDESCRIPTION</Name>
			<SQLType>37</SQLType>
			<ABAPType>32</ABAPType>
			<TrexType>83</TrexType>
			<MdrsType>0</MdrsType>
			<Constr>0</Constr>
			<Offset>56</Offset>
			<Length>30</Length>
			<Scale>0</Scale>
			<OrdPos>5</OrdPos>
			<IdxInGrp>1</IdxInGrp>
			<Collat></Collat>
			<HasDefVal>0</HasDefVal>
			<Descr>mm/dd/yyyy - mm/dd/yyyy</Descr>
			<FieldId>206</FieldId> 
			<AttrType>AttributeType[STRING]</AttrType> 
			<Group></Group>
			<IntDigs>0</IntDigs>
			<FractDigs>0 </FractDigs>
			<IFlags>1</IFlags>
			<IParams></IParams>
			<FuzzyMode>0</FuzzyMode>
			<MinVal></MinVal>
			<MaxVal></MaxVal> 
			<UTFlags>1</UTFlags>
			<UType>1</UType>
		</Field>
		<Field>
			<Name>MONTHNUMBER</Name>
			<SQLType>3</SQLType>
			<ABAPType>32</ABAPType>
			<TrexType>73</TrexType>
			<MdrsType>0</MdrsType>
			<Constr>0</Constr>
			<Offset>26</Offset>
			<Length>5</Length>
			<Scale>0</Scale>
			<OrdPos>6</OrdPos>
			<IdxInGrp>0</IdxInGrp>
			<Collat></Collat>
			<HasDefVal>0</HasDefVal>
			<Descr>complies with ISO 8601 standard</Descr>
			<FieldId>207</FieldId> 
			<AttrType>AttributeType[INTEGER]</AttrType> 
			<Group></Group>
			<IntDigs>0</IntDigs>
			<FractDigs>0 </FractDigs>
			<IFlags>1</IFlags>
			<IParams></IParams>
			<FuzzyMode>0</FuzzyMode>
			<MinVal></MinVal>
			<MaxVal></MaxVal> 
			<UTFlags>1</UTFlags>
			<UType>1</UType>
		</Field>
		<Field>
			<Name>CALENDARMONTHNUMBER</Name>
			<SQLType>3</SQLType>
			<ABAPType>32</ABAPType>
			<TrexType>73</TrexType>
			<MdrsType>0</MdrsType>
			<Constr>0</Constr>
			<Offset>31</Offset>
			<Length>5</Length>
			<Scale>0</Scale>
			<OrdPos>7</OrdPos>
			<IdxInGrp>0</IdxInGrp>
			<Collat></Collat>
			<HasDefVal>0</HasDefVal>
			<Descr>based on raw date</Descr>
			<FieldId>208</FieldId> 
			<AttrType>AttributeType[INTEGER]</AttrType> 
			<Group></Group>
			<IntDigs>0</IntDigs>
			<FractDigs>0 </FractDigs>
			<IFlags>1</IFlags>
			<IParams></IParams>
			<FuzzyMode>0</FuzzyMode>
			<MinVal></MinVal>
			<MaxVal></MaxVal> 
			<UTFlags>1</UTFlags>
			<UType>1</UType>
		</Field>
		<Field>
			<Name>MONTHDESCRIPTION</Name>
			<SQLType>37</SQLType>
			<ABAPType>32</ABAPType>
			<TrexType>83</TrexType>
			<MdrsType>0</MdrsType>
			<Constr>0</Constr>
			<Offset>56</Offset>
			<Length>20</Length>
			<Scale>0</Scale>
			<OrdPos>8</OrdPos>
			<IdxInGrp>2</IdxInGrp>
			<Collat></Collat>
			<HasDefVal>0</HasDefVal>
			<Descr>full name of month, in compliance with ISO 8601 standard</Descr>
			<FieldId>209</FieldId> 
			<AttrType>AttributeType[STRING]</AttrType> 
			<Group></Group>
			<IntDigs>0</IntDigs>
			<FractDigs>0 </FractDigs>
			<IFlags>1</IFlags>
			<IParams></IParams>
			<FuzzyMode>0</FuzzyMode>
			<MinVal></MinVal>
			<MaxVal></MaxVal> 
			<UTFlags>1</UTFlags>
			<UType>1</UType>
		</Field>
		<Field>
			<Name>CALENDARMONTHDESCRIPTION</Name>
			<SQLType>37</SQLType>
			<ABAPType>32</ABAPType>
			<TrexType>83</TrexType>
			<MdrsType>0</MdrsType>
			<Constr>0</Constr>
			<Offset>56</Offset>
			<Length>20</Length>
			<Scale>0</Scale>
			<OrdPos>9</OrdPos>
			<IdxInGrp>3</IdxInGrp>
			<Collat></Collat>
			<HasDefVal>0</HasDefVal>
			<Descr>full name of month, based on raw date</Descr>
			<FieldId>210</FieldId> 
			<AttrType>AttributeType[STRING]</AttrType> 
			<Group></Group>
			<IntDigs>0</IntDigs>
			<FractDigs>0 </FractDigs>
			<IFlags>1</IFlags>
			<IParams></IParams>
			<FuzzyMode>0</FuzzyMode>
			<MinVal></MinVal>
			<MaxVal></MaxVal> 
			<UTFlags>1</UTFlags>
			<UType>1</UType>
		</Field>
		<Field>
			<Name>QUARTERNUMBER</Name>
			<SQLType>3</SQLType>
			<ABAPType>32</ABAPType>
			<TrexType>73</TrexType>
			<MdrsType>0</MdrsType>
			<Constr>0</Constr>
			<Offset>36</Offset>
			<Length>5</Length>
			<Scale>0</Scale>
			<OrdPos>10</OrdPos>
			<IdxInGrp>0</IdxInGrp>
			<Collat></Collat>
			<HasDefVal>0</HasDefVal>
			<Descr>complies with ISO 8601 standard</Descr>
			<FieldId>211</FieldId> 
			<AttrType>AttributeType[INTEGER]</AttrType> 
			<Group></Group>
			<IntDigs>0</IntDigs>
			<FractDigs>0 </FractDigs>
			<IFlags>1</IFlags>
			<IParams></IParams>
			<FuzzyMode>0</FuzzyMode>
			<MinVal></MinVal>
			<MaxVal></MaxVal> 
			<UTFlags>1</UTFlags>
			<UType>1</UType>
		</Field>
		<Field>
			<Name>CALENDARQUARTERNUMBER</Name>
			<SQLType>3</SQLType>
			<ABAPType>32</ABAPType>
			<TrexType>73</TrexType>
			<MdrsType>0</MdrsType>
			<Constr>0</Constr>
			<Offset>41</Offset>
			<Length>5</Length>
			<Scale>0</Scale>
			<OrdPos>11</OrdPos>
			<IdxInGrp>0</IdxInGrp>
			<Collat></Collat>
			<HasDefVal>0</HasDefVal>
			<Descr>based on raw date</Descr>
			<FieldId>212</FieldId> 
			<AttrType>AttributeType[INTEGER]</AttrType> 
			<Group></Group>
			<IntDigs>0</IntDigs>
			<FractDigs>0 </FractDigs>
			<IFlags>1</IFlags>
			<IParams></IParams>
			<FuzzyMode>0</FuzzyMode>
			<MinVal></MinVal>
			<MaxVal></MaxVal> 
			<UTFlags>1</UTFlags>
			<UType>1</UType>
		</Field>
		<Field>
			<Name>QUARTERDESCRIPTION</Name>
			<SQLType>37</SQLType>
			<ABAPType>32</ABAPType>
			<TrexType>83</TrexType>
			<MdrsType>0</MdrsType>
			<Constr>0</Constr>
			<Offset>56</Offset>
			<Length>20</Length>
			<Scale>0</Scale>
			<OrdPos>12</OrdPos>
			<IdxInGrp>4</IdxInGrp>
			<Collat></Collat>
			<HasDefVal>0</HasDefVal>
			<Descr>format is 00Q1, in compliance with ISO 8601 standard</Descr>
			<FieldId>213</FieldId> 
			<AttrType>AttributeType[STRING]</AttrType> 
			<Group></Group>
			<IntDigs>0</IntDigs>
			<FractDigs>0 </FractDigs>
			<IFlags>1</IFlags>
			<IParams></IParams>
			<FuzzyMode>0</FuzzyMode>
			<MinVal></MinVal>
			<MaxVal></MaxVal> 
			<UTFlags>1</UTFlags>
			<UType>1</UType>
		</Field>
		<Field>
			<Name>CALENDARQUARTERDESCRIPTION</Name>
			<SQLType>37</SQLType>
			<ABAPType>32</ABAPType>
			<TrexType>83</TrexType>
			<MdrsType>0</MdrsType>
			<Constr>0</Constr>
			<Offset>56</Offset>
			<Length>20</Length>
			<Scale>0</Scale>
			<OrdPos>13</OrdPos>
			<IdxInGrp>5</IdxInGrp>
			<Collat></Collat>
			<HasDefVal>0</HasDefVal>
			<Descr>format is 00Q1, based on raw date</Descr>
			<FieldId>214</FieldId> 
			<AttrType>AttributeType[STRING]</AttrType> 
			<Group></Group>
			<IntDigs>0</IntDigs>
			<FractDigs>0 </FractDigs>
			<IFlags>1</IFlags>
			<IParams></IParams>
			<FuzzyMode>0</FuzzyMode>
			<MinVal></MinVal>
			<MaxVal></MaxVal> 
			<UTFlags>1</UTFlags>
			<UType>1</UType>
		</Field>
		<Field>
			<Name>YEARNUMBER</Name>
			<SQLType>3</SQLType>
			<ABAPType>32</ABAPType>
			<TrexType>73</TrexType>
			<MdrsType>0</MdrsType>
			<Constr>0</Constr>
			<Offset>46</Offset>
			<Length>5</Length>
			<Scale>0</Scale>
			<OrdPos>14</OrdPos>
			<IdxInGrp>0</IdxInGrp>
			<Collat></Collat>
			<HasDefVal>0</HasDefVal>
			<Descr>complies with ISO 8601 standard</Descr>
			<FieldId>215</FieldId> 
			<AttrType>AttributeType[INTEGER]</AttrType> 
			<Group></Group>
			<IntDigs>0</IntDigs>
			<FractDigs>0 </FractDigs>
			<IFlags>1</IFlags>
			<IParams></IParams>
			<FuzzyMode>0</FuzzyMode>
			<MinVal></MinVal>
			<MaxVal></MaxVal> 
			<UTFlags>1</UTFlags>
			<UType>1</UType>
		</Field>
		<Field>
			<Name>CALENDARYEARNUMBER</Name>
			<SQLType>3</SQLType>
			<ABAPType>32</ABAPType>
			<TrexType>73</TrexType>
			<MdrsType>0</MdrsType>
			<Constr>0</Constr>
			<Offset>51</Offset>
			<Length>5</Length>
			<Scale>0</Scale>
			<OrdPos>15</OrdPos>
			<IdxInGrp>0</IdxInGrp>
			<Collat></Collat>
			<HasDefVal>0</HasDefVal>
			<Descr>based on raw date</Descr>
			<FieldId>216</FieldId> 
			<AttrType>AttributeType[INTEGER]</AttrType> 
			<Group></Group>
			<IntDigs>0</IntDigs>
			<FractDigs>0 </FractDigs>
			<IFlags>1</IFlags>
			<IParams></IParams>
			<FuzzyMode>0</FuzzyMode>
			<MinVal></MinVal>
			<MaxVal></MaxVal> 
			<UTFlags>1</UTFlags>
			<UType>1</UType>
		</Field>
		<Field>
			<Name>YEARWEEKDESCRIPTION</Name>
			<SQLType>37</SQLType>
			<ABAPType>32</ABAPType>
			<TrexType>83</TrexType>
			<MdrsType>0</MdrsType>
			<Constr>0</Constr>
			<Offset>56</Offset>
			<Length>5</Length>
			<Scale>0</Scale>
			<OrdPos>16</OrdPos>
			<IdxInGrp>6</IdxInGrp>
			<Collat></Collat>
			<HasDefVal>0</HasDefVal>
			<Descr>format is yyWww e.g. 99W52</Descr>
			<FieldId>217</FieldId> 
			<AttrType>AttributeType[STRING]</AttrType> 
			<Group></Group>
			<IntDigs>0</IntDigs>
			<FractDigs>0 </FractDigs>
			<IFlags>1</IFlags>
			<IParams></IParams>
			<FuzzyMode>0</FuzzyMode>
			<MinVal></MinVal>
			<MaxVal></MaxVal> 
			<UTFlags>1</UTFlags>
			<UType>1</UType>
		</Field>
		<Field>
			<Name>YEARMONTH</Name>
			<SQLType>37</SQLType>
			<ABAPType>32</ABAPType>
			<TrexType>83</TrexType>
			<MdrsType>0</MdrsType>
			<Constr>0</Constr>
			<Offset>56</Offset>
			<Length>7</Length>
			<Scale>0</Scale>
			<OrdPos>17</OrdPos>
			<IdxInGrp>7</IdxInGrp>
			<Collat></Collat>
			<HasDefVal>0</HasDefVal>
			<Descr>yyyy-mm, in compliance with ISO 8601 standard</Descr>
			<FieldId>218</FieldId> 
			<AttrType>AttributeType[STRING]</AttrType> 
			<Group></Group>
			<IntDigs>0</IntDigs>
			<FractDigs>0 </FractDigs>
			<IFlags>1</IFlags>
			<IParams></IParams>
			<FuzzyMode>0</FuzzyMode>
			<MinVal></MinVal>
			<MaxVal></MaxVal> 
			<UTFlags>1</UTFlags>
			<UType>1</UType>
		</Field>
		<Field>
			<Name>CALENDARYEARMONTH</Name>
			<SQLType>37</SQLType>
			<ABAPType>32</ABAPType>
			<TrexType>83</TrexType>
			<MdrsType>0</MdrsType>
			<Constr>0</Constr>
			<Offset>56</Offset>
			<Length>20</Length>
			<Scale>0</Scale>
			<OrdPos>18</OrdPos>
			<IdxInGrp>8</IdxInGrp>
			<Collat></Collat>
			<HasDefVal>0</HasDefVal>
			<Descr>yyyy-mm, based on raw date</Descr>
			<FieldId>219</FieldId> 
			<AttrType>AttributeType[STRING]</AttrType> 
			<Group></Group>
			<IntDigs>0</IntDigs>
			<FractDigs>0 </FractDigs>
			<IFlags>1</IFlags>
			<IParams></IParams>
			<FuzzyMode>0</FuzzyMode>
			<MinVal></MinVal>
			<MaxVal></MaxVal> 
			<UTFlags>1</UTFlags>
			<UType>1</UType>
		</Field>
		<Field>
			<Name>YEARMONTHDESCRIPTION</Name>
			<SQLType>37</SQLType>
			<ABAPType>32</ABAPType>
			<TrexType>83</TrexType>
			<MdrsType>0</MdrsType>
			<Constr>0</Constr>
			<Offset>56</Offset>
			<Length>20</Length>
			<Scale>0</Scale>
			<OrdPos>19</OrdPos>
			<IdxInGrp>9</IdxInGrp>
			<Collat></Collat>
			<HasDefVal>0</HasDefVal>
			<Descr>e.g. January 2000, in compliance with ISO 8601 standard</Descr>
			<FieldId>220</FieldId> 
			<AttrType>AttributeType[STRING]</AttrType> 
			<Group></Group>
			<IntDigs>0</IntDigs>
			<FractDigs>0 </FractDigs>
			<IFlags>1</IFlags>
			<IParams></IParams>
			<FuzzyMode>0</FuzzyMode>
			<MinVal></MinVal>
			<MaxVal></MaxVal> 
			<UTFlags>1</UTFlags>
			<UType>1</UType>
		</Field>
		<Field>
			<Name>CALENDARYEARMONTHDESCRIPTION</Name>
			<SQLType>37</SQLType>
			<ABAPType>32</ABAPType>
			<TrexType>83</TrexType>
			<MdrsType>0</MdrsType>
			<Constr>0</Constr>
			<Offset>56</Offset>
			<Length>20</Length>
			<Scale>0</Scale>
			<OrdPos>20</OrdPos>
			<IdxInGrp>10</IdxInGrp>
			<Collat></Collat>
			<HasDefVal>0</HasDefVal>
			<Descr>e.g. January 2000, based on raw date</Descr>
			<FieldId>221</FieldId> 
			<AttrType>AttributeType[STRING]</AttrType> 
			<Group></Group>
			<IntDigs>0</IntDigs>
			<FractDigs>0 </FractDigs>
			<IFlags>1</IFlags>
			<IParams></IParams>
			<FuzzyMode>0</FuzzyMode>
			<MinVal></MinVal>
			<MaxVal></MaxVal> 
			<UTFlags>1</UTFlags>
			<UType>1</UType>
		</Field>
		<Field>
			<Name>$trex_udiv$</Name>
			<TrexType>73</TrexType>
			<FieldId>5</FieldId> 
			<AttrType>AttributeType[INTEGER]</AttrType> 
			<Group></Group>
			<IntDigs>0</IntDigs>
			<FractDigs>0 </FractDigs>
			<IFlags>16385</IFlags>
			<IParams></IParams>
			<FuzzyMode>0</FuzzyMode>
			<MinVal></MinVal>
			<MaxVal></MaxVal> 
			<UTFlags>0</UTFlags>
			<UType>0</UType>
		</Field>
		<Field>
			<Name>$rowid$</Name>
			<TrexType>66</TrexType>
			<FieldId>7</FieldId> 
			<AttrType>AttributeType[FIXED]</AttrType> 
			<Group></Group>
			<IntDigs>18</IntDigs>
			<FractDigs>0 </FractDigs>
			<IFlags>134217729</IFlags>
			<IParams></IParams>
			<FuzzyMode>0</FuzzyMode>
			<MinVal></MinVal>
			<MaxVal></MaxVal> 
			<UTFlags>0</UTFlags>
			<UType>0</UType>
		</Field>
	</AllAttrs>
</Table>
